Rank,image_path,name,mudra,origin,medium,topic
1,data/crop/FS-2814_22h.png,Buddha,abhaya,Bangladesh,Copper alloy,Buddhism   Buddha   casting   lotus   Pala-Sena dynasty (750 - 1100)   Bangladesh   abhaya mudra   South Asian and Himalayan Art   WWII-era provenance  
2,data/crop/FS-4044_17h.png,Standing Vishnu,abhaya,"Tamil Nadu state, India",Granite,Hinduism   Vishnu   Chola dynasty (850 - 1280)   India   abhaya mudra   South Asian and Himalayan Art   sudarshana chakra   WWII-era provenance  
3,data/crop/FS-5111_10.png,Buddhas and Bodhisattvas,anjali,unknown,Ink and color on paper,Buddhism   Buddha   bodhisattva   Modern period (1912 - present)   forgery   China   anjali mudra   Chinese Art  
4,data/crop/FS-5168_07.png,Horokaku Mandara: The Buddha and attendant divinities,undefined,Japan,Color and gold on silk panel,Buddhism   Buddha   Heian period (794 - 1185)   stupa   mandala   vajra   prayer beads   Japan   throne   Vaisravana   Virudhaka   Dhritarastra   preaching   dharmachakra   Mahakala   Vajrapani   Mount Meru   mudra   kakemono   Japanese Art   attendant  
5,data/crop/FS-5368_07_abhaya.png,Buddhist stele,abhaya,"Henan,China",Limestone,Buddhism   dragon   Buddha   bodhisattva   lion   Northern Wei dynasty (386 - 534)   China   lettering   abhaya mudra   varada mudra   Chinese Art   WWII-era provenance  
6,data/crop/FS-5368_07_varada.png,Buddhist stele,varada,"Henan,China",Limestone,Buddhism   dragon   Buddha   bodhisattva   lion   Northern Wei dynasty (386 - 534)   China   lettering   abhaya mudra   varada mudra   Chinese Art   WWII-era provenance  
7,data/crop/FS-5600_06.png,Sakyamuni enthroned; and biographical scenes,bhumisparsha,"Tibet,China",Opaque watercolor on cloth,Buddhism   throne   Tibet   worshiper   Shakyamuni   bhumisparsha mudra   South Asian and Himalayan Art   thangka  
8,data/crop/FS-5600_07.png,Lamaist mandala,anjali,"Tibet,China",Color and gold on canvas,Buddhism   mandala   Tibet   dharmachakra   Hayagriva   Mahakala   Vajradhara   anjali mudra   South Asian and Himalayan Art   thangka  
9,data/crop/FS-5600_11.png,Lamaist saint—divinities and other saints,vitarka,"Tibet,China",Color on canvas,Buddhism   Tibetan Buddhism   horse   lama   halo   Tibet   vitarka mudra   kalasa   kundika   South Asian and Himalayan Art   thangka  
10,data/crop/FS-5600_12.png,Sitatapatra (Sitatapatrosnisa ?) and thirty other divinities,dhyana,"Tibet,China",Color and gold on canvas,Buddhism   Tibetan Buddhism   bell   vajra   bow   halo   Tibet   axe   Sitatapatra   dhyana mudra   South Asian and Himalayan Art   thangka  
11,data/crop/FS-5601_03.png,"Sakyamuni, saints, and divinities",bhumisparsha,"Tibet,China",Color on canvas,Buddhism   halo   Tibet   Shakyamuni   mandorla   bhumisparsha mudra   South Asian and Himalayan Art   thangka  
12,data/crop/FS-5601_04.png,The Vision of Khas-grub-dje with Tsonk'a-pa appearing to him on an elephant,dharmachakra,"Tibet,China",Opaque watercolor on cloth,Buddhism   elephant   mandala   Tibet   Mahakala   Tsongkhapa   Yamantaka   Padmasambhava   dharmachakra mudra   South Asian and Himalayan Art   thangka  
13,data/crop/FS-5610_10.png,Amitabha (Amida) welcoming souls to paradise,vitarka,Japan,Color and gold on silk,Buddhism   Muromachi period (1333 - 1573)   Amitabha Buddha   Japan   halo   dharmakaya-vitarka mudra   kakemono   Japanese Art  
14,data/crop/FS-5615_08_abhaya.png,The Eight Medicine Buddhas,abhaya,"Tibet,China",Opaque watercolor and gold on canvas,Buddhism   lotus   medicine   mandala   Tibet   dharmachakra   Buddha Bhaisajyaguru   abhaya mudra   varada mudra   dharmachakra mudra   dhyana mudra   anjali mudra   South Asian and Himalayan Art   thangka  
15,data/crop/FS-5615_08_varada.png,The Eight Medicine Buddhas,varada,"Tibet,China",Opaque watercolor and gold on canvas,Buddhism   lotus   medicine   mandala   Tibet   dharmachakra   Buddha Bhaisajyaguru   abhaya mudra   varada mudra   dharmachakra mudra   dhyana mudra   anjali mudra   South Asian and Himalayan Art   thangka  
16,data/crop/FS-5619_05.png,"Panthaka, the 10th of the 16 Arhats",anjali,Japan,Ink and tint on paper,portrait   Buddhism   Japan   halo   Panthaka   anjali mudra   kakemono   Japanese Art  
17,data/crop/FS-5621_02.png,"The Celestial Worthy Taiyi, Who Delivers from Suffering",vitarka,China,Ink and color on silk,Daoism   bodhisattva   lion   Southern Song dynasty (1127 - 1279)   Yuan dynasty (1279 - 1368)   China   vitarka mudra   Chinese Art  
18,data/crop/FS-5623_07.png,Star Mandala,dhyana,Japan,Color and gold on silk,Buddhism   Edo period (1615 - 1868)   mandala   Japan   throne   Aries   Cancer   Capricorn   Gemini   Leo   Pisces   Sagittarius   Scorpio   Taurus   Libra   Virgo   Aquarius   dharmachakra   dhyana mudra   kakemono   Japanese Art   zodiac  
19,data/crop/FS-5706_05.png,Dhyani Buddha,dhyana,China,Ink and color on paper,Buddhism   Buddha   Ming dynasty (1368 - 1644)   China   Dhayanibuddha   dhyana mudra   Chinese Art  
20,data/crop/FS-5719_03.png,Dhyana Buddha,dhyana,China,Color on paper panel,Buddhism   Buddha   Ming dynasty (1368 - 1644)   China   halo   dhyana mudra   Chinese Art  
21,data/crop/FS-5732_08.png,Tapestry: a Dhyani Buddha,dhyana,China,Color on silk panel,Buddhism   Ming dynasty (1368 - 1644)   China   halo   Dhayanibuddha   dhyana mudra   embroidery   Chinese Art   tapestry   slit tapestry  
22,data/crop/FS-5755_09.png,Tapestry: a Buddha - Amitabha - sitting in a cave,vitarka,China,Textile; color on silk panel,Buddhism   Ming dynasty (1368 - 1644)   lotus   Amitabha Buddha   cave   orchid   fungus-of-immortality   China   mudra   Chinese Art   painted   tapestry   slit tapestry  
23,data/crop/FS-5774_07.png,Tapestry: a Buddha Enthroned,dhyana,China,Color on silk panel,Buddhism   Buddha   Qing dynasty (1644 - 1911)   China   throne   wave   mandorla   dhyana mudra   Chinese Art   painted   tapestry   slit tapestry  
24,data/crop/FS-5781_11.png,Tapestry: a Buddha and lotuses,dhyana,China,Hanging scroll; color on silk panel,Buddhism   Buddha   Ming dynasty (1368 - 1644)   lotus   China   halo   dhyana mudra   Chinese Art   painted   tapestry   slit tapestry  
25,data/crop/FS-5828_03.png,One thousand Buddhas,undefined,Japan,"Ink, color and gold on silk",Buddhism   Buddha   Nanbokucho period (1333 - 1392)   lotus   Japan   mudra   kakemono   Japanese Art   WWII-era provenance  
26,data/crop/FS-5901_07.png,Seated figure of Bodhisattva with Sino-Tibetan style: double lotus pedestal on rectangular base,vitarka,China,"marble, traces of pigment",Buddhism   bodhisattva   Yuan dynasty (1279 - 1368)   China   mudra   Chinese Art  
27,data/crop/FS-5901_08.png,Bodhisattva Avalokiteshvara (Guanyin),vitarka,"Yunnan, China",Arsenical copper with gilding,Buddhism   bodhisattva   Tang dynasty (618 - 907)   casting   Guanyin   China   varada mudra   vitarka mudra   Chinese Art   gilding   WWII-era provenance  
28,data/crop/FS-5944_08.png,Votive plaque (sacchas) with three Buddhas,bhumisparsha,Burma,Terracotta,Buddhism   Buddha   stupa   bodhi tree   Burma   bhumisparsha mudra   South Asian and Himalayan Art   Pagan period (ca. 950 - 1300)   WWII-era provenance  
29,data/crop/FS-5944_09.png,Votive plaque (sacchas) with three Buddhas,bhumisparsha,Burma,Terracotta,Buddhism   Buddha   stupa   bodhi tree   Burma   bhumisparsha mudra   South Asian and Himalayan Art   Pagan period (ca. 950 - 1300)   WWII-era provenance  
30,data/crop/FS-5951_01.png,Buddhas of the Past and Present,dhyana,China,"Bronze, gilt",Buddhism   casting   Northern Wei dynasty (386 - 534)   China   halo   Shakyamuni   Prabhutaratna Buddha   dhyana mudra   Chinese Art   gilding  
31,data/crop/FS-5951_09.png,Bodhisattva Avalokiteshvara as the Water-Moon Guanyin,bhumisparsha,China,Marble,Buddhism   dragon   bodhisattva   Northern Song dynasty (960 - 1127)   Guanyin   China   mudra   Chinese Art  
32,data/crop/FS-5952_09.png,Buddhist stele,varada,China,Limestone,Buddhism   Period of Division (220 - 589)   China   halo   throne   Wenshu   Weimo   trident   scepter   abhaya mudra   varada mudra   cintamani   Chinese Art   Carl Whiting Bishop collection  
33,data/crop/FS-5954_03.png,Buddhist stele,dhyana,China,Sandstone,Buddhism   Buddha   bodhisattva   Northern Wei dynasty (386 - 534)   China   lettering   dhyana mudra   Chinese Art   WWII-era provenance  
34,data/crop/FS-5991_10.png,Votive plaque (tsa-tsas) of Avalokiteshvara,anjali,"Tibet,China",Terracotta with pigment,Buddhism   bodhisattva   Avalokiteshvara   lotus   mantra   prayer beads   Tibet   mandorla   anjali mudra   South Asian and Himalayan Art   WWII-era provenance  
35,data/crop/FS-5991_11.png,Votive plaque (tsa-tsas) of Aksobkya,bhumisparsha,"Tibet,China",Terracotta with pigment,Buddhism   Tibet   Akshobhya Buddha   mandorla   bhumisparsha mudra   South Asian and Himalayan Art   WWII-era provenance  
36,data/crop/FS-6004_03.png,Buddhist stele with dual images of the bodhisattva Maitreya,anjali,"Hebei,China",Marble with traces of pigment,Buddhism   dragon   bodhisattva   lion   Northern Qi dynasty (550 - 577)   Maitreya Buddha   pagoda   China   apsara   Prabhutaratna Buddha   anjali mudra   Chinese Art  
37,data/crop/FS-6010_02.png,"Amitabha (Amida), contained within a closed shrine",varada,Japan,Wood,Buddhism   Edo period (1615 - 1868)   Amitabha Buddha   shrine   Japan   mandorla   Pure Land Buddhism   varada mudra   anjali mudra   Japanese Art  
38,data/crop/FS-6010_11.png,Buddhist sculpture,vitarka,Japan,Wood,Buddhism   Japan   mudra   Japanese Art  
39,data/crop/FS-6126_08.png,"The Great Luohan, the Venerable Seventeenth",abhiseka,China,Ink and color on silk,Buddhism   prayer   Yuan dynasty (1279 - 1368)   lotus   cloud   Arhat   prayer beads   China   fly whisk   abhiseka mudra   Chinese Art  
40,data/crop/FS-6151_01_varada.png,Buddhist altarpiece,varada,China,Bronze with gilding,Buddhism   Buddha   bodhisattva   Sui dynasty (581 - 618)   casting   lotus   China   abhaya mudra   varada mudra   Chinese Art   gilding  
41,data/crop/FS-6151_01_abhaya.png,Buddhist altarpiece,abhaya,China,Bronze with gilding,Buddhism   Buddha   bodhisattva   Sui dynasty (581 - 618)   casting   lotus   China   abhaya mudra   varada mudra   Chinese Art   gilding  
42,data/crop/FS-6333_09.png,Queen as the Goddess Prajnaparamita,prajnaparamita,Nepal,Gilt copper,portrait   Buddhism   casting   Nepal   queen   Prajnaparamita   mudra   South Asian and Himalayan Art   gilding   WWII-era provenance  
43,data/crop/FS-6404_05.png,The Buddha calling the earth to witness,bhumisparsha,Thailand,Ivory,Buddhism   Buddha   Thailand   Laos   Cambodia   bhumisparsha mudra   Post-Angkor period (1431 - 1863)   South Asian and Himalayan Art   Bangkok period (1782 - 1932 )   Lan Sang period (1271 - 1707)   ivory  
44,data/crop/FS-6405_02.png,The Buddha calling the earth to witness,bhumisparsha,Thailand,Ivory,Buddhism   Buddha   Thailand   Laos   Cambodia   bhumisparsha mudra   Post-Angkor period (1431 - 1863)   South Asian and Himalayan Art   Bangkok period (1782 - 1932 )   Lan Sang period (1271 - 1707)   ivory  
45,data/crop/FS-6405_04.png,The Buddha calling the earth to witness,bhumisparsha,Thailand,Ivory and gilding,Buddhism   Buddha   Thailand   Laos   Cambodia   bhumisparsha mudra   Post-Angkor period (1431 - 1863)   South Asian and Himalayan Art   gilding   Bangkok period (1782 - 1932 )   Lan Sang period (1271 - 1707)   ivory  
46,data/crop/FS-6405_06.png,The Buddha calling the earth to witness,bhumisparsha,Thailand,Ivory and gilding,Buddhism   Buddha   Thailand   Laos   Cambodia   bhumisparsha mudra   Post-Angkor period (1431 - 1863)   South Asian and Himalayan Art   gilding   Bangkok period (1782 - 1932 )   Lan Sang period (1271 - 1707)   ivory  
47,data/crop/FS-6424_06.png,Standing Buddha,abhaya,Thailand,Stone,Buddhism   Buddha   Dvaravati period (ca. 500 - 900)   Thailand   abhaya mudra   South Asian and Himalayan Art   WWII-era provenance  
48,data/crop/FS-6553_05.png,Standing Buddha and tabernacle,abhaya,Thailand,Bronze,Buddhism  Search this Buddha   casting   bodhi tree   Thailand   abhaya mudra   Southeast Asian Art   Lopburi period (900 - 1300)   WWII-era provenance  
49,data/crop/FS-6685_02.png,"Bodhisattva Avalokiteshvara (Guanyin), Head",bhumisparsha,China,Stone with traces of pigment and gilding,Buddhism   bodhisattva   Ming dynasty (1368 - 1644)   Guanyin   China   bhumisparsha mudra   Chinese Art   gilding  
50,data/crop/FS-6741_03.png,Sakyamuni Buddha seated on a lion throne,abhaya,China,Bronze,Buddhism   casting   Period of Division (220 - 589)   China   throne   Shakyamuni   abhaya mudra   Chinese Art   gilding  
51,data/crop/FS-6741_08.png,Buddha Mile (Maitreya),dhyana,China,Bronze and gilt,Buddhism   casting   Liu Song dynasty (420 - 479)   Maitreya Buddha   China   mandorla   dhyana mudra   Chinese Art   gilding  
52,data/crop/FS-6742_03.png,The Buddhas Duobao (Prabhutaratna) and Sakyamuni standing side-by-side,abhaya,China,Bronze,Buddhism   casting   Period of Division (220 - 589)   Manjushri   China   Vimalakirti   Gautama Buddha   Prabhutaratna Buddha   abhaya mudra   varada mudra   Chinese Art   gilding  
53,data/crop/FS-6743_02.png,Four-sided miniature stele,abhaya,China,Marble with traces of red and black pigments.,Buddhism   Western Wei dynasty (535 - 556)   Maitreya Buddha   shrine   China   Shakyamuni Buddha   abhaya mudra   Chinese Art  
54,data/crop/FS-6743_06_abhaya.png,The Buddhas Prabhutaratna and Sakyamuni seated sided by side,abhaya,China,Gilt bronze,Buddhism   Sui dynasty (581 - 618)   casting   China   Shakyamuni   Prabhutaratna Buddha   abhaya mudra   varada mudra   Chinese Art   gilding   WWII-era provenance  
55,data/crop/FS-6743_06_varada.png,The Buddhas Prabhutaratna and Sakyamuni seated sided by side,varada,China,Gilt bronze,Buddhism   Sui dynasty (581 - 618)   casting   China   Shakyamuni   Prabhutaratna Buddha   abhaya mudra   varada mudra   Chinese Art   gilding   WWII-era provenance  
56,data/crop/FS-6743_08.png,Buddha Bhaisajyaguru (Yao shih fo),abhaya,China,Gilt bronze,Buddhism   casting   Period of Division (220 - 589)   Northern Wei dynasty (386 - 534)   China   Buddha Bhaisajyaguru   abhaya mudra   Chinese Art   gilding   WWII-era provenance  
57,data/crop/FS-6907_04.png,Vairochana Buddha,vajra,China,Bronze and gilt,Buddhism   Buddha   Liao dynasty (907 - 1125)   casting   ushnisha   China   Vairocana Buddha   vajra mudra   Chinese Art   gilding   WWII-era provenance  
58,data/crop/FS-6912_01.png,Seated Buddha,dhyana,Cambodia,Bronze,Buddhism   Buddha   casting   Angkor period (802 - 1431)   Cambodia   dhyana mudra   Southeast Asian Art   WWII-era provenance  
59,data/crop/FS-7065_03.png,Seated Buddha with attendant figures and worshipper,abhaya,Pakistan,Schist,Buddhism   Buddha   worship   Kushan dynasty (1st century BCE - 299 CE)   halo   Pakistan   abhaya mudra   schist   South Asian and Himalayan Art   attendant   WWII-era provenance  
60,data/crop/FS-7108_02.png,Prajnaparamita,dharmachakra,Bangladesh,Copper alloy,Buddhism   Buddhism   casting   lotus   Pala-Sena dynasty (750 - 1100)   Bangladesh   Prajnaparamita   dharmachakra mudra   South Asian and Himalayan Art   WWII-era provenance  
61,data/crop/FS-7108_06.png,Buddha,abhaya,Bangladesh,Bronze,Buddhism   Buddha   casting   Bangladesh   abhaya mudra   South Asian and Himalayan Art   WWII-era provenance  
62,data/crop/FS-7108_10.png,Tara,undefined,Bangladesh,Copper alloy,Buddhism   flower   bodhisattva   casting   Pala-Sena dynasty (750 - 1100)   Bangladesh   Tara   mudra   South Asian and Himalayan Art   WWII-era provenance  
63,data/crop/FS-7231_40.png,Image of seated Kannon,dhyana,Japan,"Ceramic, Sculpture",Buddhism   bodhisattva   Edo period (1615 - 1868)   Meiji era (1868 - 1912)   Kannon   Japan   dhyana mudra   Japanese Art  
64,data/crop/FS-7259_01.png,Dehua ware image of seated Buddha,dhyana,"Fujian,China",Glazed clay,Buddhism   Buddha   Dehua ware   Ming dynasty (1368 - 1644)   ushnisha   China   dhyana mudra   Chinese Art  
65,data/crop/FS-7259_24.png,Bodhisattva Avalokiteshvara (Guanyin),dhyana,China,Stone,Buddhism   bodhisattva   inscription   Guanyin   forgery   China   lettering   dhyana mudra   Chinese Art  
66,data/crop/FS-7311_62.png,Bodhisattva,anjali,"Xinjiang, China",Stucco with pigment,Buddhism   bodhisattva   China   mandorla   anjali mudra   Chinese Art   WWII-era provenance  
67,data/crop/FS-7319_14.png,"Amitabha Buddha (Amida), the Buddha of Infinite Light",abhaya,Japan,Gilt bronze,Buddhism   Buddha   Kamakura period (1185 - 1333)   casting   Amitabha Buddha   Japan   abhaya mudra   Japanese Art   gilding   WWII-era provenance  
68,data/crop/FS-7376_46.png,Panel from a temple hanging: recto: crowned god Balarama; verso: Vishnu,varada,India,"Opaque watercolor, gold, and paper applique on cotton",lion   Vishnu   lotus   India   Balarama   varada mudra   South Asian and Himalayan Art   WWII-era provenance  
69,data/crop/FS-7402_22.png,Carving of Shakymuni Buddha as an ascetic,abhaya,China,Jade,Buddhism   Buddha   Ming dynasty (1368 - 1644)   Qing dynasty (1644 - 1911)   ascetic   China   abhaya mudra   Chinese Art   WWII-era provenance  
70,data/crop/FS-7413_34.png,"Seated Jina, probably Mahavira",abhaya,"Karnataka state, India",Bronze,casting   Mahavira   India   abhaya mudra   South Asian and Himalayan Art   WWII-era provenance  
71,data/crop/FS-7423_11_abhaya.png,Stele with Buddhist triad,abhaya,China,Stone,Buddhism   Qing dynasty (1644 - 1911)   forgery   China   halo   lettering   abhaya mudra   varada mudra   anjali mudra   Chinese Art  
72,data/crop/FS-7423_11_anjali.png,Stele with Buddhist triad,anjali,China,Stone,Buddhism   Qing dynasty (1644 - 1911)   forgery   China   halo   lettering   abhaya mudra   varada mudra   anjali mudra   Chinese Art  
73,data/crop/FS-7423_11_varada.png,Stele with Buddhist triad,varada,China,Stone,Buddhism   Qing dynasty (1644 - 1911)   forgery   China   halo   lettering   abhaya mudra   varada mudra   anjali mudra   Chinese Art  
74,data/crop/FS-7423_26_abhaya.png,Buddhist Trinity,abhaya,China,Stone,lion   Qing dynasty (1644 - 1911)   lotus   shrine   forgery   China   apsara   lettering   abhaya mudra   varada mudra   Chinese Art  
75,data/crop/FS-7423_26_varada.png,Buddhist Trinity,varada,China,Stone,lion   Qing dynasty (1644 - 1911)   lotus   shrine   forgery   China   apsara   lettering   abhaya mudra   varada mudra   Chinese Art  
76,data/crop/FS-7423_30_abhaya.png,Buddhist tablet in the form of a miniature shrine,abhaya,China,Stone,Buddhism   Period of Division (220 - 589)   shrine   forgery   China   abhaya mudra   varada mudra   anjali mudra   Chinese Art  
77,data/crop/FS-7423_30_anjali.png,Buddhist tablet in the form of a miniature shrine,anjali,China,Stone,Buddhism   Period of Division (220 - 589)   shrine   forgery   China   abhaya mudra   varada mudra   anjali mudra   Chinese Art  
78,data/crop/FS-7456_06.png,The Buddha calling the earth to witness,bhumisparsha,Thailand,Ivory,Buddhism   Buddha   Thailand   Laos   Cambodia   bhumisparsha mudra   Post-Angkor period (1431 - 1863)   South Asian and Himalayan Art   Bangkok period (1782 - 1932 )   Lan Sang period (1271 - 1707)   ivory  
79,data/crop/FS-7475_38.png,Figure of a seated bodhisattva,dhyana,"Tibet,China",Brass with silver and copper inlay,Buddhism   bodhisattva   Tibet   dhyana mudra   South Asian and Himalayan Art   WWII-era provenance  
80,data/crop/FS-7490_15.png,Eleven-Headed Kannon,varada,Japan,Color and gold on silk,Buddhism   bodhisattva   Kamakura period (1185 - 1333)   Avalokiteshvara   Amitabha Buddha   Kannon   Japan   halo   varada mudra   kalasa   kakemono   Japanese Art  
81,data/crop/FS-7512_05.png,Statuette of Buddha,bhumisparsha,China,Bronze,Buddhism   Buddha   Tang dynasty (618 - 907)   casting   China   bhumisparsha mudra   dhyana mudra   Chinese Art   gilding  
82,data/crop/FS-7517_07.png,Bronze figure of the Buddha,dhyana,China,Bronze,Buddhism   Modern period (1912 - present)   casting   Northern Wei dynasty (386 - 534)   Japan   Shakyamuni   dhyana mudra   Chinese Art  
83,data/crop/FS-7550_24.png,The Buddhas Duobao (Sanskrit Prabhutaratna) and Sakyamuni,abhaya,China,Bronze,Buddhism   casting   Period of Division (220 - 589)   China   Shakyamuni   Prabhutaratna Buddha   abhaya mudra   varada mudra   Chinese Art   gilding  
84,data/crop/FS-7606_01.png,Buddhist tablet on rectangular pedestal,dhyana,China,Stone,Buddhism   Buddha   bodhisattva   Tang dynasty (618 - 907)   China   throne   lettering   dhyana mudra   Chinese Art  
85,data/crop/FS-7606_04.png,Buddhist tablet,bhumisparsha,China,Stone,Buddhism   Tang dynasty (618 - 907)   lotus   China   bhumisparsha mudra   Chinese Art  
86,data/crop/FS-7606_09.png,Statuette: Buddhist trinity,abhaya,China,Bronze,Buddhism   casting   inscription   Period of Division (220 - 589)   Northern dynasties (386 - 581)   Northern Qi dynasty (550 - 577)   lotus   China   mandorla   abhaya mudra   varada mudra   Chinese Art  
87,data/crop/FS-7606_22.png,Possibly Bodhisattva Avalokiteshvara (Guanyin) with attendants,abhaya,China,Bronze with gilding,Buddhism   bodhisattva   lion   casting   inscription   Period of Division (220 - 589)   Northern Qi dynasty (550 - 577)   lotus   incense   Guanyin   Maitreya Buddha   China   mandorla   abhaya mudra   Chinese Art   gilding   attendant  
88,data/crop/FS-7606_26.png,Bodhisattva Avalokiteshvara (Guanyin),abhaya,China,Bronze with gilding,Buddhism   bodhisattva   casting   Period of Division (220 - 589)   Northern Wei dynasty (386 - 534)   lotus   Guanyin   China   mandorla   abhaya mudra   Chinese Art   gilding  
89,data/crop/FS-7606_28.png,Standing Buddha,abhaya,China,Bronze with gilding,Buddhism   Buddha   casting   Period of Division (220 - 589)   Northern dynasties (386 - 581)   Northern Qi dynasty (550 - 577)   lotus   China   mandorla   abhaya mudra   Chinese Art   gilding  
90,data/crop/FS-7607_04.png,Buddhist tablet in brick form,abhaya,China,Stone,Buddhism   Buddha   bodhisattva   Period of Division (220 - 589)   China   abhaya mudra   varada mudra   anjali mudra   Chinese Art  
91,data/crop/FS-7607_09.png,Standing Bodhisattva,anjali,China,Bronze with gilding,Buddhism   bodhisattva   Sui dynasty (581 - 618)   casting   lotus   China   anjali mudra   Chinese Art   gilding  
92,data/crop/FS-7607_11.png,Standing Bodhisattva with attendants,abhaya,China,Bronze with gilding,Buddhism   bodhisattva   lion   Sui dynasty (581 - 618)   casting   incense   China   Ananda   Kasyapa   mandorla   abhaya mudra   varada mudra   Chinese Art   gilding  
93,data/crop/FS-7607_24_abhaya.png,Standing Maitreya Buddha,abhaya,China,Bronze,Buddhism   casting   inscription   Period of Division (220 - 589)   Northern dynasties (386 - 581)   lotus   Eastern Wei dynasty (534 - 550)   Maitreya Buddha   China   apsara   mandorla   abhaya mudra   varada mudra   Chinese Art  
94,data/crop/FS-7607_24_varada.png,Standing Maitreya Buddha,varada,China,Bronze,Buddhism   casting   inscription   Period of Division (220 - 589)   Northern dynasties (386 - 581)   lotus   Eastern Wei dynasty (534 - 550)   Maitreya Buddha   China   apsara   mandorla   abhaya mudra   varada mudra   Chinese Art  
95,data/crop/FS-7608_05.png,Possibly Bodhisattva Avalokiteshvara (Guanyin),abhaya,China,Bronze with gilding,Buddhism   bodhisattva   casting   inscription   Period of Division (220 - 589)   Northern Qi dynasty (550 - 577)   lotus   Guanyin   China   mandorla   abhaya mudra   Chinese Art   gilding  
96,data/crop/FS-7623_34.png,Standing Buddha,abhaya,China,Bronze with gilding,Buddhism   Buddha   casting   Period of Division (220 - 589)   Northern Wei dynasty (386 - 534)   lotus   China   mandorla   abhaya mudra   varada mudra   Chinese Art   gilding   WWII-era provenance  
97,data/crop/FS-7630_07_abhaya.png,Buddhist statuette,abhaya,China,Bronze,Buddhism   casting   China   halo   lettering   abhaya mudra   varada mudra   Chinese Art  
98,data/crop/FS-7630_07_varada.png,Buddhist statuette,varada,China,Bronze,Buddhism   casting   China   halo   lettering   abhaya mudra   varada mudra   Chinese Art  
99,data/crop/FS-7630_08.png,Buddhist statuette,abhaya,China,Bronze,Buddhism   casting   China   halo   lettering   abhaya mudra   varada mudra   Chinese Art  
100,data/crop/FS-7631_19.png,Statuette of a monk,anjali,China,Bronze,Buddhism   Tang dynasty (618 - 907)   casting   China   monk   anjali mudra   Chinese Art   gilding  
101,data/crop/FS-7734_08_anjali.png,Seated Buddha (Shakyamuni) with standing monks and bodhisattvas (obverse) and donors (reverse),anjali,China,Stone,Buddhism   Buddha   bodhisattva   relief seal   inscription   Period of Division (220 - 589)   lotus   Eastern Wei dynasty (534 - 550)   China   halo   Ananda   monk   Kasyapa   Shakyamuni   abhaya mudra   varada mudra   anjali mudra   Chinese Art  
102,data/crop/FS-7734_08_abhaya.png,Seated Buddha (Shakyamuni) with standing monks and bodhisattvas (obverse) and donors (reverse),abhaya,China,Stone,Buddhism   Buddha   bodhisattva   relief seal   inscription   Period of Division (220 - 589)   lotus   Eastern Wei dynasty (534 - 550)   China   halo   Ananda   monk   Kasyapa   Shakyamuni   abhaya mudra   varada mudra   anjali mudra   Chinese Art  
103,data/crop/FS-7734_08_varada.png,Seated Buddha (Shakyamuni) with standing monks and bodhisattvas (obverse) and donors (reverse),varada,China,Stone,Buddhism   Buddha   bodhisattva   relief seal   inscription   Period of Division (220 - 589)   lotus   Eastern Wei dynasty (534 - 550)   China   halo   Ananda   monk   Kasyapa   Shakyamuni   abhaya mudra   varada mudra   anjali mudra   Chinese Art  
104,data/crop/FS-7734_11.png,tanding Buddha with bodhisattvas (on one side) and Seated bodhisattva (on other side),anjali,China,Stone with traces of pigment,Buddhism   Buddha   bodhisattva   Sui dynasty (581 - 618)   inscription   lotus   China   halo   mudra   Chinese Art  
105,data/crop/FS-7754_27.png,Seated Buddha (Shakyamuni) with two disciples,bhumisparsha,China,Stone,Buddhism   Buddha   Tang dynasty (618 - 907)   relief seal   lotus   China   halo   monk   Shakyamuni   mandorla   bhumisparsha mudra   Chinese Art  
106,data/crop/FS-7754_29.png,Seated Buddha with two bodhisattvas,dhyana,China,Stone,Buddhism   Buddha   bodhisattva   relief seal   Period of Division (220 - 589)   lotus   Northern Zhou dynasty (557 - 581)   forgery   China   fly whisk   dhyana mudra   Chinese Art  
107,data/crop/FS-7754_35.png,Seated Buddha (Shakyamuni),bhumisparsha,China,Stone,Buddhism   Tang dynasty (618 - 907)   relief seal   China   halo   Shakyamuni Buddha   mandorla   bhumisparsha mudra   Chinese Art  
108,data/crop/FS-7754_37.png,Buddha (fragment),abhaya,China,Stone,Buddhism   relief seal   inscription   Period of Division (220 - 589)   Northern Wei dynasty (386 - 534)   China   abhaya mudra   Chinese Art  
109,data/crop/FS-7754_38.png,Standing Buddha (Shakyamuni) with lions,abhaya,China,Stone with traces of pigment,Buddhism   Buddha   lion   Period of Division (220 - 589)   Northern Wei dynasty (386 - 534)   forgery   China   Shakyamuni   abhaya mudra   varada mudra   Chinese Art  
110,data/crop/FS-7755_11.png,Seated Buddha (Shakyamuni) with standing bodhisattvas,anjali,China,Stone,Buddhism   bodhisattva   inscription   Period of Division (220 - 589)   lotus   Eastern Wei dynasty (534 - 550)   forgery   China   halo   Shakyamuni   mandorla   abhaya mudra   varada mudra   anjali mudra   Chinese Art  
111,data/crop/FS-7755_18_abhaya.png,"Standing bodhisattvas with monks, Pratyekabuddhas, lions, and apasaras",abhaya,China,Stone with pigment,Buddhism   Buddha   bodhisattva   relief seal   Period of Division (220 - 589)   lotus   Northern Zhou dynasty (557 - 581)   lute   stupa   bodhi tree   sheng   willow   China   Ananda   monk   Kasyapa   apsara   yaksha   Vajrapani   Mount Meru  abhaya mudra   varada mudra   cintamani   Chinese Art  
112,data/crop/FS-7755_18_varada.png,"Standing bodhisattvas with monks, Pratyekabuddhas, lions, and apasaras",varada,China,Stone with pigment,Buddhism   Buddha   bodhisattva   relief seal   Period of Division (220 - 589)   lotus   Northern Zhou dynasty (557 - 581)   lute   stupa   bodhi tree   sheng   willow   China   Ananda   monk   Kasyapa   apsara   yaksha   Vajrapani   Mount Meru  abhaya mudra   varada mudra   cintamani   Chinese Art  
113,data/crop/FS-7755_23.png,Seated Buddha with figures,abhaya,China,Marble,Buddhism   Buddha   relief seal   inscription   Period of Division (220 - 589)   Northern Wei dynasty (386 - 534)   lotus   China   halo   abhaya mudra   Chinese Art  
114,data/crop/FS-7755_24_abhaya.png,"Seated Buddha with bodhisattvas, lions, and figures",abhaya,China,Stone,Buddhism   Buddha   bodhisattva   lion   relief seal   Period of Division (220 - 589)   lotus   Eastern Wei dynasty (534 - 550)   forgery   China   abhaya mudra   varada mudra   Chinese Art  
115,data/crop/FS-7755_24_varada.png,"Seated Buddha with bodhisattvas, lions, and figures",varada,China,Stone,Buddhism   Buddha   bodhisattva   lion   relief seal   Period of Division (220 - 589)   lotus   Eastern Wei dynasty (534 - 550)   forgery   China   abhaya mudra   varada mudra   Chinese Art  
116,data/crop/FS-7756_01_abhaya.png,Standing Buddha,abhaya,China,Stone,Buddhism   Buddha   lion   inscription   Period of Division (220 - 589)   lotus   Western Wei dynasty (535 - 556)   ushnisha   China   abhaya mudra   varada mudra   Chinese Art  
117,data/crop/FS-7756_01_varada.png,Standing Buddha,varada,China,Stone,Buddhism   Buddha   lion   inscription   Period of Division (220 - 589)   lotus   Western Wei dynasty (535 - 556)   ushnisha   China   abhaya mudra   varada mudra   Chinese Art  
118,data/crop/FS-7756_15.png,Standing Buddha (fragment),varada,China,Marble,Buddhism   Buddha   inscription   Period of Division (220 - 589)   lotus   Eastern Wei dynasty (534 - 550)   ushnisha   China   halo   mandorla   abhaya mudra   varada mudra   Chinese Art  
119,data/crop/FS-7756_29.png,Buddhist trinity,abhaya,China,Stone,Buddhism   Period of Division (220 - 589)   forgery   China   abhaya mudra   Chinese Art  
120,data/crop/FS-7756_37.png,Buddha with a bodhisattva (fragment),varada,China,Stone,Buddhism   Buddha   bodhisattva   Period of Division (220 - 589)   lotus   China   halo   abhaya mudra   varada mudra   Chinese Art  
121,data/crop/FS-7757_24.png,Buddhist stele (a) with an attached rubbing (b),abhaya,China,Gray stone; ink on paper,Buddhism   Buddha   lion   Tang dynasty (618 - 907)   inscription   lotus   Amitabha Buddha   stupa   standard script   China   halo   rubbing   abhaya mudra   varada mudra   anjali mudra   Chinese Art   Carl Whiting Bishop collection  
122,data/crop/FS-7775_02.png,Figurine,anjali,Japan,Bronze,Buddhism   casting   Japan   anjali mudra   Japanese Art  
123,data/crop/FS-7846_05.png,Buddha or Bodhisattva,dhyana,"Tibet,China",Gilt bronze,Buddhism   Buddha   bodhisattva   Ming dynasty (1368 - 1644)   casting   lotus   vajra   China   abhaya mudra   dhyana mudra   Chinese Art   gilding   Paul Singer collection  
124,data/crop/FS-7970_12.png,Figure of a bodhisattva,anjali,Japan,Bronze,Buddhism   Meiji era (1868 - 1912)   Japan   anjali mudra   Japanese Art  
125,data/crop/FS-7995_02.png,Buddhist stele,varada,China,Stone,Buddhism   bodhisattva   lion   Period of Division (220 - 589)   lotus   China   Gautama Buddha   Mount Meru   abhaya mudra   varada mudra   cintamani   Chinese Art  
126,data/crop/FS-7995_12_abhaya.png,The Buddha Gautama Sakyamni (Shih-chia) and attendant divinities,abhaya,China,Stone,Buddhism   Period of Division (220 - 589)   ushnisha   parinirvana   China   halo   Gautama Buddha   yaksa   lettering   abhaya mudra   varada mudra   Chinese Art   attendant  
127,data/crop/FS-7995_12_varada.png,The Buddha Gautama Sakyamni (Shih-chia) and attendant divinities,varada,China,Stone,Buddhism   Period of Division (220 - 589)   ushnisha   parinirvana   China   halo   Gautama Buddha   yaksa   lettering   abhaya mudra   varada mudra   Chinese Art   attendant  
128,data/crop/FS-7995_21.png,Seated figure of the Buddha Sakyamuni in high relief,abhaya,China,Stone,Buddhism   Period of Division (220 - 589)   China   Shakyamuni   varada mudra   anjali mudra   Chinese Art  
129,data/crop/FS-7996_05_abhaya.png,Standing Buddha,abhaya,Japan,"Wood, gold leaf, lacquer and textile",Buddhism   Buddha   Heian period (794 - 1185)   ushnisha   Japan   abhaya mudra   varada mudra   Japanese Art   WWII-era provenance  
130,data/crop/FS-7996_05_varada.png,Standing Buddha,varada,Japan,"Wood, gold leaf, lacquer and textile",Buddhism   Buddha   Heian period (794 - 1185)   ushnisha   Japan   abhaya mudra   varada mudra   Japanese Art   WWII-era provenance  
131,data/crop/FS-8047_19.png,Bodhisattva,varada,Japan,Wood,Buddhism   bodhisattva   Asuka period (552 - 710)   Japan   mudra   Japanese Art  
132,data/crop/FS-8047_22.png,Bodhisattva,vitarka,Japan,Wood,Buddhism   bodhisattva   Kamakura period (1185 - 1333)   Japan   dharmakaya-vitarka mudra   Japanese Art  
133,data/crop/FS-8049_03.png,Dai Nichi Nyorai,vajra,Japan,Wood and gold,Buddhism   Muromachi period (1333 - 1573)   lotus   urna   Japan   Dainichi Nyorai   vajra mudra   Japanese Art   WWII-era provenance  
134,data/crop/FS-8086_19.png,Buddhist stele,varada,China,Stone,Buddhism   Buddha   bodhisattva   Period of Division (220 - 589)   Northern Wei dynasty (386 - 534)   lotus   China   apsara   abhaya mudra   varada mudra   Chinese Art   WWII-era provenance  
135,data/crop/FS-8143_15.png,The Buddha Addressing Yamaraja at Kusinagara,undefined,unknown,"Ink, color, and gold on paper",Buddhism   peacock   crane   Buddha   bodhisattva   Song dynasty (960 - 1279)   sutra   China   preaching   mudra   Chinese Art  
136,data/crop/FS-8151_08.png,Tapestry: a Bodhisattva,vitarka,China,Hanging scroll; color on silk panel,Buddhism   bodhisattva   Yuan dynasty (1279 - 1368)   Avalokiteshvara   lotus   China   halo   mudra   Chinese Art   painted   tapestry   slit tapestry  
137,data/crop/FS-8151_11.png,Sakyamuni Seated Upon Three Demon-like Creatures,vitarka,China,Ink and color on silk,Buddhism   Yuan dynasty (1279 - 1368)   Ming dynasty (1368 - 1644)   demon   China   Shakyamuni   mudra   Chinese Art  
138,data/crop/FS-8168_18.png,Crowned Buddha,bhumisparsha,India,Stone,Buddhism   Buddha   Pala-Sena dynasty (750 - 1100)   India   bhumisparsha mudra   South Asian and Himalayan Art   WWII-era provenance  
139,data/crop/FS-8222_12.png,Otowa ware standing Amida Nyorai with inscribed pedestal,vitarka,"Kyoto,Japan",Transparent stoneware with iron glazes; gilding over iron slip; enamels over transparent glaze; iron pigment under glaze.,Buddhism   Buddha   Kyoto ware   Edo period (1615 - 1868)   enamel   lotus   Amitabha Buddha   Japan   dharmakaya-vitarka mudra   stoneware   iron wash   Japanese Art  
140,data/crop/FS-8380_07.png,The Bodhisattva Fugen and Attendants,anjali,Japan,"Ink, color, and gold on silk",Buddhism   elephant   Kamakura period (1185 - 1333)   child   Japan   halo   Fugen   anjali mudra   kakemono   Japanese Art   attendant   WWII-era provenance  
141,data/crop/FS-8506_05_abhaya.png,"Buddhist memorial stele, decorated on the front with a flat niche in which the Sakyamuni Buddha is seated on a low pedestal",abhaya,China,Stone,Buddhism   Buddha   China   apsara   lettering   abhaya mudra   bhumisparsha mudra   cintamani   Chinese Art   Carl Whiting Bishop collection  
142,data/crop/FS-8506_05_bhumisparsha.png,"Buddhist memorial stele, decorated on the front with a flat niche in which the Sakyamuni Buddha is seated on a low pedestal",bhumisparsha,China,Stone,Buddhism   Buddha   China   apsara   lettering   abhaya mudra   bhumisparsha mudra   cintamani   Chinese Art   Carl Whiting Bishop collection  
143,data/crop/FS-8506_06_abhaya.png,Buddhist memorial stele,abhaya,China,Stone,Buddhism   China   mandorla   lettering   abhaya mudra   varada mudra   Chinese Art   Carl Whiting Bishop collection  
144,data/crop/FS-8506_06_varada.png,Buddhist memorial stele,varada,China,Stone,Buddhism   China   mandorla   lettering   abhaya mudra   varada mudra   Chinese Art   Carl Whiting Bishop collection  
145,data/crop/FS-8506_20.png,Stele with Buddha seated on a Pedestal,abhaya,China,Hard grey limestone,Buddhism   Buddha   bodhisattva   lotus   China   halo   lettering   abhaya mudra   Chinese Art   Carl Whiting Bishop collection  
146,data/crop/FS-8535_11.png,Buddhist tablet: standing figure in high relief; right hand missing,varada,China,Stone,Buddhism   Period of Division (220 - 589)   China   Shakyamuni   lettering   varada mudra   Chinese Art  
147,data/crop/FS-8535_28.png,"Buddhist tablet: central figure seated cross-legged; elaborage background, perforated and bearing figures in relief",anjali,China,Stone,Buddhism   forgery   China   apsara   anjali mudra   Chinese Art  
148,data/crop/FS-8535_41.png,"Buddhist tablet: rectangular base and rounded top; on obverse, figures in high relief, including central seated figure with two supporters on either hand, and two angels above; inscriptions",bhumisparsha,China,Stone,Buddhism   Tang dynasty (618 - 907)   China   Gautama Buddha   apsara   lettering   bhumisparsha mudra   Chinese Art  
149,data/crop/FS-8535_42.png,Seated Buddhist figure: high octagonal pedestal and perforated background,abhaya,China,Stone,Buddhism   Buddha   Tang dynasty (618 - 907)   ushnisha   forgery   China   throne   abhaya mudra   varada mudra   Chinese Art  
150,data/crop/FS-8535_43_abhaya.png,"Buddhist tablet: seated central figure flanked by monk and Bodhisattva on either hand; rectangular base, and figure of Buddha in sunken relief on reverse",abhaya,China,Stone,Buddhism   Buddha   bodhisattva   lion   Period of Division (220 - 589)   shrine   bodhi tree   China   halo   monk   apsara   abhaya mudra   varada mudra   dhyana mudra   anjali mudra   Chinese Art  
151,data/crop/FS-8535_43_varada.png,"Buddhist tablet: seated central figure flanked by monk and Bodhisattva on either hand; rectangular base, and figure of Buddha in sunken relief on reverse",varada,China,Stone,Buddhism   Buddha   bodhisattva   lion   Period of Division (220 - 589)   shrine   bodhi tree   China   halo   monk   apsara   abhaya mudra   varada mudra   dhyana mudra   anjali mudra   Chinese Art  
152,data/crop/FS-8535_43_anjali.png,"Buddhist tablet: seated central figure flanked by monk and Bodhisattva on either hand; rectangular base, and figure of Buddha in sunken relief on reverse",anjali,China,Stone,Buddhism   Buddha   bodhisattva   lion   Period of Division (220 - 589)   shrine   bodhi tree   China   halo   monk   apsara   abhaya mudra   varada mudra   dhyana mudra   anjali mudra   Chinese Art  
153,data/crop/FS-8535_53.png,Standing bodhisattva with attendants,anjali,China,Stone,Buddhism   bodhisattva   lion   Period of Division (220 - 589)   Northern dynasties (386 - 581)   Northern Qi dynasty (550 - 577)   lotus   incense   China   Ananda   Kasyapa   anjali mudra   cintamani   Chinese Art  
154,data/crop/FS-8536_13_abhaya.png,Buddhist tablet: the Buddha Gautama Sakyamuni (Shih-chia) and attendant divinities,abhaya,China,Stone,Buddhism   Period of Division (220 - 589)   China   Gautama Buddha   abhaya mudra   varada mudra   Chinese Art   attendant  
155,data/crop/FS-8536_13_varada.png,Buddhist tablet: the Buddha Gautama Sakyamuni (Shih-chia) and attendant divinities,varada,China,Stone,Buddhism   Period of Division (220 - 589)   China   Gautama Buddha   abhaya mudra   varada mudra   Chinese Art   attendant  
156,data/crop/FS-8540_19.png,Gautama Buddha,bhumisparsha,"Tibet,China",Gilded copper with pigment,Buddhism   casting   Tibet   Gautama Buddha   bhumisparsha mudra   South Asian and Himalayan Art   WWII-era provenance  
157,data/crop/FS-8541_03.png,Seated statue on lotus pedestal resting upon crouching lions,dhyana,China,Stone,Buddhism   Buddha   lion   Liao dynasty (907 - 1125)   lotus   China   dhyana mudra   anjali mudra   Chinese Art  
158,data/crop/FS-F1905.220_001_bhumisparsha.png,Tsong-kha-pa and scenes from his life,bhumisparsha,"Tibet,China",Opaque watercolor on cloth,Buddhism   Manjushri   stupa   lama   halo   Tibet   preaching   Tsongkhapa   varada mudra   dharmachakra mudra   bhumisparsha mudra   South Asian and Himalayan Art   thangka  
159,data/crop/FS-F1905.220_001_dharmachakra.png,Tsong-kha-pa and scenes from his life,dharmachakra,"Tibet,China",Opaque watercolor on cloth,Buddhism   Manjushri   stupa   lama   halo   Tibet   preaching   Tsongkhapa   varada mudra   dharmachakra mudra   bhumisparsha mudra   South Asian and Himalayan Art   thangka  
160,data/crop/FS-F1905.220_001_vitarka.png,Tsong-kha-pa and scenes from his life,vitarka,"Tibet,China",Opaque watercolor on cloth,Buddhism   Manjushri   stupa   lama   halo   Tibet   preaching   Tsongkhapa   varada mudra   dharmachakra mudra   bhumisparsha mudra   South Asian and Himalayan Art   thangka  
161,data/crop/FS-F1906.269_001-000002.png,Buddha Amitabha (Amita) and the Eight Great Bodhisattvas,dharmachakra,Korea,"Ink, color, and gold on silk",Buddhism   Buddha   bodhisattva   Goryeo period (918 - 1392)   Avalokiteshvara   Manjushri   Samantabhadra   lotus   Amitabha Buddha   Maitreya Buddha   Korea   halo   throne   Ksitigarbha   preaching   Mahasthamaprapta   dharmachakra mudra   Korean Art  
162,data/crop/FS-F1909.345a-h_001.png,Bodhisattva,undefined,Japan,"Wood with lacquer, gold, copper, and crystal",Buddhism   bodhisattva   Kamakura period (1185 - 1333)   Japan   mudra   Japanese Art  
163,data/crop/FS-F1921.2_001.png,Western Paradise of the Buddha Amitabha,abhaya,"Hebei,China",Limestone with traces of pigment,Buddhism   tree   bodhisattva   relief seal   Avalokiteshvara   Northern Qi dynasty (550 - 577)   lotus   Amitabha Buddha   meditation   temple   sutra   cave   China   throne   Mahasthamaprapta   abhaya mudra   Pure Land   Chinese Art  
164,data/crop/FS-F1929.84_001.png,Queen Sembiyan Mahadevi as the Goddess Parvati,kataka,"Tamil Nadu state, India",Bronze,Parvati   Uma   casting   Chola dynasty (850 - 1280)   India   queen   kataka mudra   South Asian and Himalayan Art  
165,data/crop/FS-F1962.21a-c_001_abhaya.png,Bosatsu,abhaya,Japan,Wood with gilding,Buddhism   bodhisattva   Late Heian (Fujiwara) period (897 - 1185)   Japan   abhaya mudra   Japanese Art   WWII-era provenance  
166,data/crop/FS-F1963.6_001.png,The Bodhisattva Fugen (Fugen Bosatsu),anjali,Japan,"Ink, color, gold, and silver on silk",Buddhism   elephant   Heian period (794 - 1185)   Japan   halo   throne   Fugen   anjali mudra   kakemono   Japanese Art   WWII-era provenance  
167,data/crop/FS-F1965.19a-h_001.png,Jizo,varada,Japan,Wood with applied gold leaf,Buddhism   Kamakura period (1185 - 1333)   Japan   Jizo Bosatsu   varada mudra   cintamani   Japanese Art   WWII-era provenance  
168,data/crop/FS-F1970.27_001-000002.png,"Kongara-doji, attendant to the Buddhist Deity, Fudo Myo-o (one of a pair with F1970.28)",anjali,Japan,"Ink, color, and gold on silk",Buddhism   Kamakura period (1185 - 1333)   vajra   Japan   Acala   anjali mudra   kakemono   Japanese Art   attendant   WWII-era provenance  
169,data/crop/FS-F1998.1_001.png,Taizokai Mandala,dhyana,Japan,Color on silk,Buddhism   Kamakura period (1185 - 1333)   mandala   Japan   dhyana mudra   kakemono   Japanese Art   WWII-era provenance  
170,data/crop/FS-F2002.9a-f_001.png,Amida (Amitabha),vitarka,Japan,Wood with gold leaf,Buddhism   Kamakura period (1185 - 1333)   lotus   Amitabha Buddha   Japan   vitarka mudra   Japanese Art   WWII-era provenance  
171,data/crop/FS-FSC-B-15_1-000001.png,"Figurine of seated Buddha, head and base missing",bhumisparsha,Thailand,Bronze,Buddhism   Buddha   casting   Thailand   bhumisparsha mudra   Southeast Asian Art  
172,data/crop/FS-FSC-B-16_1-000001.png,"Figurine of seated Buddha, head and base missing (smaller one of pair)",bhumisparsha,Thailand,Bronze,Buddhism   Buddha   casting   Thailand   bhumisparsha mudra   Southeast Asian Art  
173,data/crop/FS-FSC-B-490_1-000001.png,Standing Buddha (modern),abhaya,unknown,Bronze,Buddhism   casting   abhaya mudra   South Asian and Himalayan Art  
174,data/crop/FS-FSC-M-67_1-000001.png,Crucifix with Seated Buddha,anjali,Japan,Brass,Buddhism   Edo period (1615 - 1868)   casting   Japan   anjali mudra   Japanese Art  
175,data/crop/FS-FSC-M-68_1-000001.png,Crucifix with Seated Buddha,anjali,Japan,Brass,Buddhism   Edo period (1615 - 1868)   Meiji era (1868 - 1912)   casting   Japan   anjali mudra   Japanese Art  
176,data/crop/FS-rls_0545.png,Bodhisattva,dhyana,"Jingdezhen,China",Porcelain with clear glaze,Buddhism   bodhisattva   Qing dynasty (1644 - 1911)   China   Nepal   dhyana mudra   Chinese Art   South Asian and Himalayan Art   Paul Singer collection  
177,data/crop/FS-rls_0859.png,"Buddhist figure, probably Ananda",anjali,China,Gilt bronze,Buddhism   Tang dynasty (618 - 907)   casting   lotus   China   Ananda   anjali mudra   Chinese Art   gilding   Paul Singer collection  
